-- DATABASE AND USER CREATION
create database miTiendaSpringColasChisela;
use miTiendaSpringColasChisela;
grant all privileges on miTiendaSpringColasChisela.* to 'colasChisela'@'%' identified by 'colasChisela';


create table miTiendaSpringColasChisela.COLOR (
	code VARCHAR(7),
	name VARCHAR(20) NOT NULL,
	description VARCHAR(50),
    CONSTRAINT PK_COLOR PRIMARY KEY (code)
);

-- INSERT COLOR TABLE 
insert into miTiendaSpringColasChisela.COLOR (code, name, description) values ('#253ccc', 'Green', 'Asteraceae'); 
insert into miTiendaSpringColasChisela.COLOR (code, name, description) values ('#70ff0d', 'Turquoise', 'Iridaceae'); 
insert into miTiendaSpringColasChisela.COLOR (code, name, description) values ('#680471', 'White', 'Convolvulaceae'); 
insert into miTiendaSpringColasChisela.COLOR (code, name, description) values ('#777fa2', 'Khaki', 'Cucurbitaceae'); 
insert into miTiendaSpringColasChisela.COLOR (code, name, description) values ('#39b8a8', 'Violet', 'Polypodiaceae'); 
insert into miTiendaSpringColasChisela.COLOR (code, name, description) values ('#5752dc', 'Fuscia', 'Fabaceae'); 
insert into miTiendaSpringColasChisela.COLOR (code, name, description) values ('#a5b3c1', 'Maroon', 'Asteraceae');
insert into miTiendaSpringColasChisela.COLOR (code, name, description) values ('#29961e', 'Yellow', 'Chenopodiaceae'); 
insert into miTiendaSpringColasChisela.COLOR (code, name, description) values ('#6f6919', 'Red', 'Rutaceae'); 
insert into miTiendaSpringColasChisela.COLOR (code, name, description) values ('#fae6c1', 'Blue', 'Iridaceae'); 

create table miTiendaSpringColasChisela.FLOWER (
	code INT,
	name VARCHAR(50) UNIQUE NOT NULL,
	description VARCHAR(100),
	price DECIMAL(4,2) NOT NULL,
	color VARCHAR(7),
	stock INT NOT NULL,
    CONSTRAINT PK_FLOWER PRIMARY KEY (code),
    CONSTRAINT FK_FLOWER FOREIGN KEY (color) REFERENCES miTiendaSpringColasChisela.COLOR (code) ON DELETE CASCADE
); 

-- INSERT FLOWER TABLE
insert into miTiendaSpringColasChisela.FLOWER (code, name, description, price, color, stock) values (1, 'Bearded Milkvetch', 'Astragalus villosus Michx.', 10.61, '#253ccc', 30);
insert into miTiendaSpringColasChisela.FLOWER (code, name, description, price, color, stock) values (2, 'Sensitive Partridge Pea', 'Chamaecrista nictitans (L.) Moench ssp. patellaria (DC. ex Collad.) Irwin & Barneby var. glabrata (Vogel) Irwin & Barneby', 4.49, '#253ccc', 0);
insert into miTiendaSpringColasChisela.FLOWER (code, name, description, price, color, stock) values (3, 'Bracted Colicroot', 'Aletris bracteata Northrop', 14.49, '#70ff0d', 24);
insert into miTiendaSpringColasChisela.FLOWER (code, name, description, price, color, stock) values (4, 'Italian Lords And Ladies', 'Arum italicum Mill.', 4.52, '#253ccc', 5);
insert into miTiendaSpringColasChisela.FLOWER (code, name, description, price, color, stock) values (5, 'Goatgrass', 'Aegilops comosa Sm.', 13.3, '#680471', 76);
insert into miTiendaSpringColasChisela.FLOWER (code, name, description, price, color, stock) values (6, 'Bleeding Heart', 'Lamprocapnos Endl.', 15.4, '#777fa2', 2);
insert into miTiendaSpringColasChisela.FLOWER (code, name, description, price, color, stock) values (7, 'Bouquet Mudplantain', 'Heteranthera multiflora (Griseb.) Horn', 8.13, '#39b8a8', 345);
insert into miTiendaSpringColasChisela.FLOWER (code, name, description, price, color, stock) values (8, 'Sandmat', 'Chamaesyce ×keyensis Small', 17.08, '#253ccc', 234);
insert into miTiendaSpringColasChisela.FLOWER (code, name, description, price, color, stock) values (9, 'Howell''s Reedgrass', 'Calamagrostis howellii Vasey', 17.78, '#5752dc', 45);
insert into miTiendaSpringColasChisela.FLOWER (code, name, description, price, color, stock) values (10, 'Distant Phacelia', 'Phacelia distans Benth.', 14.95, '#a5b3c1', 65);
insert into miTiendaSpringColasChisela.FLOWER (code, name, description, price, color, stock) values (11, 'Manyseed Goosefoot', 'Chenopodium polyspermum L. var. acutifolium (Sm.) Gaudich.', 14.79, '#29961e', 0);
insert into miTiendaSpringColasChisela.FLOWER (code, name, description, price, color, stock) values (12, 'Purple Moorgrass', 'Molinia caerulea (L.) Moench', 17.19, '#777fa2', 0);
insert into miTiendaSpringColasChisela.FLOWER (code, name, description, price, color, stock) values (13, 'Branching Phacelia', 'Phacelia ramosissima Douglas ex Lehm.', 17.69, '#253ccc', 23);
insert into miTiendaSpringColasChisela.FLOWER (code, name, description, price, color, stock) values (14, 'Scribble Lichen', 'Opegrapha rupestris Pers.', 0.62, '#6f6919', 2);
insert into miTiendaSpringColasChisela.FLOWER (code, name, description, price, color, stock) values (15, 'Tape Dwarf Polypody', 'Grammitis hessii (Maxon) Alain', 13.1, '#70ff0d', 1);
insert into miTiendaSpringColasChisela.FLOWER (code, name, description, price, color, stock) values (16, 'Orange Wall Lichen', 'Xanthoria polycarpa (Hoffm.) Rieber', 15.97, '#6f6919', 120);
insert into miTiendaSpringColasChisela.FLOWER (code, name, description, price, color, stock) values (17, 'Kneeling Angelica', 'Angelica genuflexa Nutt.', 2.24, '#29961e', 23);
insert into miTiendaSpringColasChisela.FLOWER (code, name, description, price, color, stock) values (18, 'Lasianthus', 'Lasianthus Jack', 6.71, '#fae6c1', 345);
insert into miTiendaSpringColasChisela.FLOWER (code, name, description, price, color, stock) values (19, 'Beetle Spurge', 'Euphorbia eriantha Benth.', 3.62, '#fae6c1', 6);
insert into miTiendaSpringColasChisela.FLOWER (code, name, description, price, color, stock) values (20, 'Lone Mesa Snakeweed', 'Gutierrezia elegans Al Schneid. & P. Lyon', 5.96, '#777fa2', 678);
insert into miTiendaSpringColasChisela.FLOWER (code, name, description, price, color, stock) values (21, 'Bowl Lichen', 'Psoroma Michx.', 2.59, '#39b8a8', 50);
insert into miTiendaSpringColasChisela.FLOWER (code, name, description, price, color, stock) values (22, 'Alpine Bluegrass', 'Poa alpina L.', 1.7, '#680471', 10);
insert into miTiendaSpringColasChisela.FLOWER (code, name, description, price, color, stock) values (23, 'Stargrass', 'Cynodon plectostachyus (K. Schum.) Pilg.', 16.43, '#6f6919', 12);
insert into miTiendaSpringColasChisela.FLOWER (code, name, description, price, color, stock) values (24, 'Southwestern False Cloak Fern', 'Argyrochosma limitanea (Maxon) Windham ssp. limitanea', 0.95, '#680471', 45);
insert into miTiendaSpringColasChisela.FLOWER (code, name, description, price, color, stock) values (25, 'Luquillo Mountain Babyboot Orchid', 'Lepanthes eltoroensis Stimson', 5.94, '#fae6c1', 1);
insert into miTiendaSpringColasChisela.FLOWER (code, name, description, price, color, stock) values (26, 'Spanish Moss', 'Tillandsia usneoides (L.) L.', 14.98, '#253ccc', 5);
insert into miTiendaSpringColasChisela.FLOWER (code, name, description, price, color, stock) values (27, 'Tufted Wallaby Grass', 'Rytidosperma caespitosum (Gaudich.) Connor & Edgar', 14.06, '#5752dc', 67);
insert into miTiendaSpringColasChisela.FLOWER (code, name, description, price, color, stock) values (28, 'Shortfruit Willow', 'Salix brachycarpa Nutt. var. psammophila Raup', 12.47, '#fae6c1', 20);
insert into miTiendaSpringColasChisela.FLOWER (code, name, description, price, color, stock) values (29, 'Rocketsalad', 'Eruca Mill.', 2.75, '#fae6c1', 20);
insert into miTiendaSpringColasChisela.FLOWER (code, name, description, price, color, stock) values (30, 'Sharpleaf Snowberry', 'Symphoricarpos acutus (A. Gray) Dieck', 4.82, '#680471', 209);
insert into miTiendaSpringColasChisela.FLOWER (code, name, description, price, color, stock) values (31, 'Oreganillo', 'Koanophyllon dolicholepis (Urb.) R.M. King & H. Rob.', 0.63, '#a5b3c1', 20);
insert into miTiendaSpringColasChisela.FLOWER (code, name, description, price, color, stock) values (32, 'Alaskan Glacier Buttercup', 'Ranunculus glacialis L. ssp. alaskensis Jurtzev', 2.49, '#70ff0d', 0);
insert into miTiendaSpringColasChisela.FLOWER (code, name, description, price, color, stock) values (33, 'Chaparral Nightshade', 'Solanum xanti A. Gray var. montanum Munz', 5.49, '#5752dc', 20);
insert into miTiendaSpringColasChisela.FLOWER (code, name, description, price, color, stock) values (34, 'Tall Blazing Star', 'Liatris aspera Michx.', 17.19, '#5752dc', 208);
insert into miTiendaSpringColasChisela.FLOWER (code, name, description, price, color, stock) values (35, 'Sandberg''s Biscuitroot', 'Lomatium sandbergii (J.M. Coult. & Rose) J.M. Coult. & Rose', 13.25, '#253ccc', 50);
insert into miTiendaSpringColasChisela.FLOWER (code, name, description, price, color, stock) values (36, 'Broadleaf Stonecrop', 'Sedum spathulifolium Hook. ssp. pruinosum (Britton) R.T. Clausen & Uhl', 7.41, '#253ccc', 25);
insert into miTiendaSpringColasChisela.FLOWER (code, name, description, price, color, stock) values (37, 'Mountain Oxytrope', 'Oxytropis oreophila A. Gray', 11.81, '#fae6c1', 20);
insert into miTiendaSpringColasChisela.FLOWER (code, name, description, price, color, stock) values (38, 'Teasel Clover', 'Trifolium retusum L.', 12.81, '#680471', 20);
insert into miTiendaSpringColasChisela.FLOWER (code, name, description, price, color, stock) values (39, 'Miracle Fruit', 'Thaumatococcus daniellii (Benn.) Benth.', 9.09, '#777fa2', 20);
insert into miTiendaSpringColasChisela.FLOWER (code, name, description, price, color, stock) values (40, 'Rangoon Creeper', 'Quisqualis L.', 13.88, '#fae6c1', 10);
insert into miTiendaSpringColasChisela.FLOWER (code, name, description, price, color, stock) values (41, 'Browneyed Susan', 'Rudbeckia triloba L. var. pinnatiloba Torr. & A. Gray', 5.64, '#6f6919', 2);
insert into miTiendaSpringColasChisela.FLOWER (code, name, description, price, color, stock) values (42, 'Spikeoat', 'Avenula hookeri (Scribn.) Holub', 15.87, '#29961e', 0);
insert into miTiendaSpringColasChisela.FLOWER (code, name, description, price, color, stock) values (43, 'Lean Flatsedge', 'Cyperus setigerus Torr. & Hook.', 3.62, '#6f6919', 20);
insert into miTiendaSpringColasChisela.FLOWER (code, name, description, price, color, stock) values (44, '''ohi''a Lehua', 'Metrosideros polymorpha Gaudich. var. polymorpha', 5.45, '#5752dc', 20);
insert into miTiendaSpringColasChisela.FLOWER (code, name, description, price, color, stock) values (45, 'Map Lichen', 'Rhizocarpon pusillum Runem.', 14.86, '#fae6c1', 20);
insert into miTiendaSpringColasChisela.FLOWER (code, name, description, price, color, stock) values (46, 'Foothill Rush', 'Juncus trilocularis Zika', 16.66, '#a5b3c1', 25);
insert into miTiendaSpringColasChisela.FLOWER (code, name, description, price, color, stock) values (47, 'Ruby Saltbush', 'Enchylaena tomentosa R. Br.', 14.46, '#253ccc', 205);
insert into miTiendaSpringColasChisela.FLOWER (code, name, description, price, color, stock) values (48, 'Poison Suckleya', 'Suckleya suckleyana (Torr.) Rydb.', 9.41, '#fae6c1', 2);
insert into miTiendaSpringColasChisela.FLOWER (code, name, description, price, color, stock) values (49, 'Lophosoria', 'Lophosoria C. Presl', 14.95, '#777fa2', 20);
insert into miTiendaSpringColasChisela.FLOWER (code, name, description, price, color, stock) values (50, 'Woods'' Rose', 'Rosa woodsii Lindl.', 15.59, '#39b8a8', 20);
insert into miTiendaSpringColasChisela.FLOWER (code, name, description, price, color, stock) values (51, 'Island Blackberry', 'Rubus insulanus L.H. Bailey', 11.65, '#777fa2', 205);
insert into miTiendaSpringColasChisela.FLOWER (code, name, description, price, color, stock) values (52, 'Visher''s Buckwheat', 'Eriogonum visheri A. Nelson', 5.57, '#6f6919', 20);
insert into miTiendaSpringColasChisela.FLOWER (code, name, description, price, color, stock) values (53, 'Colza', 'Brassica rapa L. var. silvestris (Lam.) Briggs', 19.6, '#5752dc', 20);
insert into miTiendaSpringColasChisela.FLOWER (code, name, description, price, color, stock) values (54, 'West Indian Bristlegrass', 'Setaria setosa (Sw.) P. Beauv. var. leiophylla (Nees) Arechav.', 18.45, '#fae6c1', 20);
insert into miTiendaSpringColasChisela.FLOWER (code, name, description, price, color, stock) values (55, 'Centipede Grass', 'Eremochloa Büse', 5.92, '#a5b3c1', 20);
insert into miTiendaSpringColasChisela.FLOWER (code, name, description, price, color, stock) values (56, 'Shale Barren Evening Primrose', 'Oenothera argillicola Mack.', 10.64, '#777fa2', 20);
insert into miTiendaSpringColasChisela.FLOWER (code, name, description, price, color, stock) values (57, 'Yellow Spiderflower', 'Cleome lutea Hook.', 8.77, '#5752dc', 20);
insert into miTiendaSpringColasChisela.FLOWER (code, name, description, price, color, stock) values (58, 'Bartramia Moss', 'Bartramia pomiformis Hedw.', 16.88, '#680471', 20);
insert into miTiendaSpringColasChisela.FLOWER (code, name, description, price, color, stock) values (59, 'Sidebeak Pencilflower', 'Stylosanthes biflora (L.) Britton, Sterns & Poggenb.', 14.78, '#29961e', 20);
insert into miTiendaSpringColasChisela.FLOWER (code, name, description, price, color, stock) values (60, 'Running Strawberry Bush', 'Euonymus obovatus Nutt.', 5.44, '#70ff0d', 20);
insert into miTiendaSpringColasChisela.FLOWER (code, name, description, price, color, stock) values (61, 'Bush''s Goosefoot', 'Chenopodium berlandieri Moq. var. bushianum (Aellen) Cronquist', 16.78, '#680471', 20);
insert into miTiendaSpringColasChisela.FLOWER (code, name, description, price, color, stock) values (62, 'Green Monardella', 'Monardella viridis Jeps. ssp. viridis', 6.6, '#a5b3c1', 2);
insert into miTiendaSpringColasChisela.FLOWER (code, name, description, price, color, stock) values (63, 'Seaside Kirschsteiniothelia Lichen', 'Kirschsteiniothelia maritima (Linder) D. Hawksw.', 18.22, '#29961e', 0);
insert into miTiendaSpringColasChisela.FLOWER (code, name, description, price, color, stock) values (64, 'Spiked Saxifrage', 'Saxifraga spicata D. Don', 18.49, '#6f6919', 20);
insert into miTiendaSpringColasChisela.FLOWER (code, name, description, price, color, stock) values (65, 'Bluntlobe Grapefern', 'Botrychium oneidense (Gilbert) House', 1.35, '#5752dc', 20);
insert into miTiendaSpringColasChisela.FLOWER (code, name, description, price, color, stock) values (66, 'Dwarf Groundsmoke', 'Gayophytum humile Juss.', 17.31, '#29961e', 20);
insert into miTiendaSpringColasChisela.FLOWER (code, name, description, price, color, stock) values (67, 'Wax Mallow', 'Malvaviscus arboreus Dill. ex Cav. var. drummondii (Torr. & A. Gray) Schery', 5.09, '#777fa2', 20);
insert into miTiendaSpringColasChisela.FLOWER (code, name, description, price, color, stock) values (68, 'Thickleaf Pepperweed', 'Lepidium integrifolium Nutt. var. heterophyllum S. Watson', 8.26, '#a5b3c1', 2);
insert into miTiendaSpringColasChisela.FLOWER (code, name, description, price, color, stock) values (69, 'Vervain', 'Verbena ×moechina Moldenke', 2.98, '#777fa2', 2);
insert into miTiendaSpringColasChisela.FLOWER (code, name, description, price, color, stock) values (70, 'Tree Morning Glory', 'Ipomoea pauciflora M. Martens & Galeotti', 6.69, '#680471', 2);
insert into miTiendaSpringColasChisela.FLOWER (code, name, description, price, color, stock) values (71, 'Slender Toothwort', 'Cardamine angustata O.E. Schulz', 18.09, '#253ccc', 20);
insert into miTiendaSpringColasChisela.FLOWER (code, name, description, price, color, stock) values (72, 'Tracy''s Desertparsley', 'Lomatium tracyi Mathias & Constance', 16.81, '#70ff0d', 20);
insert into miTiendaSpringColasChisela.FLOWER (code, name, description, price, color, stock) values (73, 'Shrubby Cinquefoil', 'Dasiphora Raf.', 4.22, '#5752dc', 20);
insert into miTiendaSpringColasChisela.FLOWER (code, name, description, price, color, stock) values (74, 'Hidden Buckwheat', 'Eriogonum capistratum Reveal', 6.1, '#fae6c1', 0);
insert into miTiendaSpringColasChisela.FLOWER (code, name, description, price, color, stock) values (75, 'Wallowa Onion', 'Allium tolmiei (Hook.) Baker ex S. Watson var. platyphyllum (Tidestr.) Ownbey', 15.69, '#5752dc', 0);
insert into miTiendaSpringColasChisela.FLOWER (code, name, description, price, color, stock) values (76, 'Rixford''s Rockwort', 'Scopulophila rixfordii (Brandegee) Munz & I.M. Johnst.', 12.27, '#680471', 2);
insert into miTiendaSpringColasChisela.FLOWER (code, name, description, price, color, stock) values (77, 'Rush Milkweed', 'Asclepias subulata Decne.', 4.32, '#6f6919', 2);
insert into miTiendaSpringColasChisela.FLOWER (code, name, description, price, color, stock) values (78, 'Dunebroom', 'Errazurizia Phil.', 3.64, '#39b8a8', 2);
insert into miTiendaSpringColasChisela.FLOWER (code, name, description, price, color, stock) values (79, 'Mata Gallina', 'Dioscorea polygonoides Humb. & Bonpl. ex Willd.', 13.32, '#680471', 20);
insert into miTiendaSpringColasChisela.FLOWER (code, name, description, price, color, stock) values (80, 'Honokahua Melicope', 'Melicope orbicularis (Hillebr.) T.G. Hartley & B.C. Stone', 7.04, '#70ff0d', 20);
insert into miTiendaSpringColasChisela.FLOWER (code, name, description, price, color, stock) values (81, 'Purple Muhly', 'Muhlenbergia rigida (Kunth) Trin.', 4.28, '#5752dc', 20);
insert into miTiendaSpringColasChisela.FLOWER (code, name, description, price, color, stock) values (82, 'Boyd''s Maiden Fern', 'Thelypteris boydiae (D.C. Eaton) K. Iwats.', 12.74, '#253ccc', 20);
insert into miTiendaSpringColasChisela.FLOWER (code, name, description, price, color, stock) values (83, 'Seaside Alder', 'Alnus maritima (Marshall) Muhl. ex Nutt.', 18.71, '#29961e', 2);
insert into miTiendaSpringColasChisela.FLOWER (code, name, description, price, color, stock) values (84, 'Texas Rush', 'Juncus texanus (Engelm.) Coville', 6.58, '#6f6919', 20);
insert into miTiendaSpringColasChisela.FLOWER (code, name, description, price, color, stock) values (85, 'Talinopsis', 'Talinopsis A. Gray', 18.28, '#680471', 2);
insert into miTiendaSpringColasChisela.FLOWER (code, name, description, price, color, stock) values (86, 'Arrowleaf Violet', 'Viola sagittata Aiton var. sagittata', 11.46, '#39b8a8', 2);
insert into miTiendaSpringColasChisela.FLOWER (code, name, description, price, color, stock) values (87, 'Blackspore Quillwort', 'Isoetes melanospora Engelm.', 4.08, '#fae6c1', 0);
insert into miTiendaSpringColasChisela.FLOWER (code, name, description, price, color, stock) values (88, 'Elmer''s Blue-eyed Grass', 'Sisyrinchium elmeri Greene', 4.78, '#777fa2', 0);
insert into miTiendaSpringColasChisela.FLOWER (code, name, description, price, color, stock) values (89, 'Elongate Dropseed', 'Sporobolus elongatus R. Br.', 11.75, '#a5b3c1', 20);
insert into miTiendaSpringColasChisela.FLOWER (code, name, description, price, color, stock) values (90, 'Yerba De Estrella', 'Rhynchospora ciliata (G. Mey.) Kük.', 17.55, '#5752dc', 20);
insert into miTiendaSpringColasChisela.FLOWER (code, name, description, price, color, stock) values (91, 'California Hedgenettle', 'Stachys bullata Benth.', 13.49, '#39b8a8', 205);
insert into miTiendaSpringColasChisela.FLOWER (code, name, description, price, color, stock) values (92, 'Sumac', 'Rhus L.', 7.16, '#fae6c1', 20);
insert into miTiendaSpringColasChisela.FLOWER (code, name, description, price, color, stock) values (93, 'Shortleaf Spikesedge', 'Kyllinga brevifolia Rottb.', 8.13, '#29961e', 2);
insert into miTiendaSpringColasChisela.FLOWER (code, name, description, price, color, stock) values (94, 'Ptychomitrium Moss', 'Ptychomitrium Fürnr.', 16.49, '#29961e', 0);
insert into miTiendaSpringColasChisela.FLOWER (code, name, description, price, color, stock) values (95, 'Kihifern', 'Adenophorus Gaudich.', 14.31, '#39b8a8', 2);
insert into miTiendaSpringColasChisela.FLOWER (code, name, description, price, color, stock) values (96, 'Rosette Lichen', 'Physcia (Schreb.) Michx.', 15.85, '#fae6c1', 30);
insert into miTiendaSpringColasChisela.FLOWER (code, name, description, price, color, stock) values (97, 'Charleston Sandwort', 'Arenaria congesta Nutt. var. charlestonensis Maguire', 12.37, '#6f6919', 0);
insert into miTiendaSpringColasChisela.FLOWER (code, name, description, price, color, stock) values (98, 'Appalachian Violet', 'Viola appalachiensis Henry', 16.93, '#5752dc', 2);
insert into miTiendaSpringColasChisela.FLOWER (code, name, description, price, color, stock) values (99, 'Chinquapin', 'Chrysolepis Hjelmquist', 19.13, '#fae6c1', 20);
insert into miTiendaSpringColasChisela.FLOWER (code, name, description, price, color, stock) values (100, 'Mescalero Milkwort', 'Polygala rimulicola Steyerm. var. mescalerorum T. Wendt & T.K. Todsen', 1.07, '#777fa2', 10);

-- AUTO INCREMENT FOR FLOWER CODE
ALTER TABLE miTiendaSpringColasChisela.FLOWER MODIFY code INT AUTO_INCREMENT, AUTO_INCREMENT=101;

create table users (
	username VARCHAR(50),
	password VARCHAR(32) NOT NULL, -- TAMAÑO 32 PARA LA ENCRIPTACIÓN MD5
	name VARCHAR(50) NOT NULL,
	email VARCHAR(50),
	admin VARCHAR(50),
    CONSTRAINT PK_users PRIMARY KEY (username)
); 

-- INSERT users TABLE 
insert into users (username, password, name, email, admin) values ('ioliasa', md5('ioliasa'), 'Inmaculada Olias', 'ioliasa@gmail.com', true); -- 1 admin 0 no admin se guardará
insert into users (username, password, name, email, admin) values ('user_inma', md5('userinma'), 'Inma Olias', 'ioliasa@gmail.com', false);
insert into users (username, password, name, email, admin) values ('chisela', md5('chisela'), 'Chisela Colás', 'chisela14@gmail.com', true);
insert into users (username, password, name, email, admin) values ('user_chisela', md5('userchise'), 'Chisela Colás', 'chisela14@gmail.com', false);


create table ORDERS (
	code INT(11), 
	flower_code INT,
	iva INT,
	date DATE,
    CONSTRAINT PK_ORDERS PRIMARY KEY (code),
    CONSTRAINT FK2_ORDERS FOREIGN KEY (flower_code) REFERENCES miTiendaSpringColasChisela.FLOWER (code) ON DELETE CASCADE
);
-- INSERT ORDERS TABLE 
insert into ORDERS (code, flower_code, iva, date) values (1, 76, 21, '2019-03-29');
insert into ORDERS (code, flower_code, iva, date) values (2, 95, 21, '2011-11-12');
insert into ORDERS (code, flower_code, iva, date) values (3, 65, 10, '2022-07-15');
insert into ORDERS (code, flower_code, iva, date) values (4, 48, 21, '2013-11-28');
insert into ORDERS (code, flower_code, iva, date) values (5, 25, 21, '2021-08-31');
insert into ORDERS (code, flower_code, iva, date) values (6, 24, 21, '2017-10-21');
insert into ORDERS (code, flower_code, iva, date) values (7, 43, 21, '2021-06-10');
insert into ORDERS (code, flower_code, iva, date) values (8, 54, 0, '2022-01-17');
insert into ORDERS (code, flower_code, iva, date) values (9, 36, 10, '2018-11-12');
insert into ORDERS (code, flower_code, iva, date) values (10, 93, 4, '2017-05-24');

ALTER TABLE ORDERS MODIFY code INT AUTO_INCREMENT, AUTO_INCREMENT=11;

